p,throughput_bps,avg_delay_sec,frames
0.100000,9532800.000000,0.419902,3972
0.200000,9686400.000000,0.316557,4036
0.300000,9729600.000000,0.263995,4054
